{
  "num_samples": 10000,
  "shape": [
    10000,
    3,
    12,
    96
  ],
  "total_energy": {
    "mean": 2265.6796875,
    "std": 214.42446899414062,
    "min": 1718.217041015625,
    "max": 3863.888671875
  },
  "sparsity": 0.7712562210648148,
  "layer_energies": {
    "layer_0": {
      "mean": 932.8676147460938,
      "std": 144.04986572265625
    },
    "layer_1": {
      "mean": 645.7540893554688,
      "std": 36.49625778198242
    },
    "layer_2": {
      "mean": 687.0579223632812,
      "std": 62.615753173828125
    }
  }
}